date,category,amount,description,income,balance
2025-04-13,Utilities,1276,Dinner,3501,2225
2026-03-12,Utilities,36,Groceries,3714,3678
2027-05-11,Food,379,Movie,1628,1249
2025-09-28,Shopping,1266,Movie,4585,3319
2025-04-17,Food,885,Taxi,2628,1743
2025-03-13,Transport,719,Movie,2701,1982
2026-12-02,Food,467,Taxi,1386,919
2025-01-21,Rent,875,Clothes,2935,2060
2026-09-07,Utilities,384,Groceries,4421,4037
2025-05-02,Transport,694,Clothes,3343,2649
2026-04-12,Food,1027,Movie,3305,2278
2025-08-03,Shopping,1369,Clothes,2104,735
2025-11-27,Rent,486,Clothes,1267,781
2026-04-04,Rent,433,Clothes,3466,3033
2025-03-29,Food,1498,Movie,3282,1784
2026-01-08,Utilities,605,Dinner,2856,2251
2025-04-10,Food,1276,Clothes,4382,3106
2027-05-22,Transport,1267,Taxi,4884,3617
2026-10-26,Food,1013,Movie,2998,1985
2025-05-11,Rent,1874,Clothes,4033,2159
2026-10-24,Food,1455,Dinner,2380,925
2025-11-05,Utilities,591,Movie,2236,1645
2027-02-09,Shopping,354,Electricity,1573,1219
2025-12-10,Entertainment,1265,Dinner,1048,-217
2026-05-07,Food,56,Taxi,2150,2094
2026-02-18,Utilities,1008,Clothes,1222,214
2027-03-17,Utilities,297,Electricity,3968,3671
2026-01-21,Shopping,1239,Electricity,4350,3111
2025-07-11,Rent,935,Movie,2431,1496
2027-08-14,Utilities,1907,Electricity,2528,621
2025-10-04,Utilities,503,Taxi,4365,3862
2025-06-10,Utilities,1285,Taxi,2819,1534
2026-04-05,Utilities,1367,Groceries,3324,1957
2025-11-10,Transport,750,Taxi,2461,1711
2025-01-22,Transport,211,Dinner,2130,1919
2025-09-10,Rent,1060,Electricity,2681,1621
2027-01-18,Food,543,Taxi,3467,2924
2027-05-07,Utilities,937,Movie,3658,2721
2026-07-15,Shopping,420,Groceries,4500,4080
2026-04-20,Food,1949,Electricity,1374,-575
2025-02-28,Shopping,905,Groceries,3120,2215
2026-05-26,Food,724,Electricity,3021,2297
2026-11-13,Rent,41,Movie,4705,4664
2026-04-21,Utilities,493,Groceries,2053,1560
2026-12-01,Utilities,1163,Clothes,4259,3096
2027-09-03,Entertainment,229,Dinner,4435,4206
2027-02-22,Shopping,325,Dinner,2889,2564
2025-07-09,Food,1313,Electricity,2823,1510
2027-08-16,Food,723,Clothes,2474,1751
2026-11-18,Transport,706,Groceries,3242,2536
2027-08-16,Entertainment,304,Clothes,2179,1875
2026-07-17,Transport,735,Clothes,4243,3508
2027-05-26,Transport,1719,Groceries,3894,2175
2026-07-21,Transport,782,Movie,2064,1282
2025-09-01,Shopping,1270,Clothes,4134,2864
2027-04-12,Shopping,967,Clothes,3070,2103
2026-05-20,Rent,400,Movie,1359,959
2025-05-11,Rent,479,Clothes,4146,3667
2026-04-30,Transport,1050,Clothes,3607,2557
2027-03-30,Entertainment,48,Clothes,3719,3671
2026-10-09,Food,926,Dinner,3041,2115
2025-01-21,Shopping,1076,Taxi,4896,3820
2027-04-21,Entertainment,1689,Movie,2141,452
2025-06-16,Utilities,898,Clothes,2635,1737
2025-10-01,Shopping,98,Dinner,2403,2305
2026-01-23,Shopping,1971,Movie,2943,972
2026-08-24,Rent,966,Electricity,1678,712
2025-11-12,Food,478,Electricity,4361,3883
2025-01-14,Food,589,Clothes,3487,2898
2025-08-30,Utilities,1581,Dinner,4739,3158
2027-02-16,Utilities,1525,Dinner,3980,2455
2025-12-12,Shopping,1473,Movie,1006,-467
2026-07-19,Transport,757,Movie,4267,3510
2027-06-17,Rent,1328,Dinner,3468,2140
2025-12-06,Rent,535,Movie,2591,2056
2025-04-02,Shopping,1142,Dinner,1832,690
2026-01-02,Entertainment,416,Taxi,4264,3848
2027-08-14,Transport,1532,Dinner,3606,2074
2026-03-31,Shopping,58,Electricity,4219,4161
2026-03-04,Transport,1314,Movie,2810,1496
2026-05-24,Transport,906,Dinner,4740,3834
2027-02-15,Transport,816,Dinner,4273,3457
2027-08-01,Shopping,176,Movie,4515,4339
2025-02-04,Rent,1118,Taxi,1913,795
2025-07-25,Rent,903,Taxi,3011,2108
2025-03-22,Transport,1843,Movie,2442,599
2027-07-21,Entertainment,1173,Groceries,2450,1277
2026-07-16,Food,1730,Movie,4054,2324
2027-05-22,Shopping,993,Movie,2502,1509
2026-01-23,Food,1127,Taxi,4546,3419
2025-01-02,Entertainment,1065,Taxi,1125,60
2026-01-25,Shopping,1502,Movie,3442,1940
2026-07-20,Transport,1582,Movie,1816,234
2025-04-16,Rent,1750,Movie,3928,2178
2027-02-11,Food,868,Taxi,2829,1961
2027-04-02,Utilities,1425,Movie,1575,150
2026-04-22,Utilities,767,Movie,3372,2605
2026-12-04,Entertainment,1483,Clothes,2415,932
2026-02-06,Transport,1647,Groceries,1929,282
2026-12-31,Food,1008,Electricity,4759,3751
2026-07-10,Transport,40,Groceries,4699,4659
2025-06-11,Food,322,Clothes,2463,2141
2025-07-21,Entertainment,888,Electricity,4275,3387
2027-08-16,Entertainment,1998,Movie,4557,2559
2027-09-23,Utilities,103,Clothes,1832,1729
2025-09-27,Transport,1817,Movie,2054,237
2027-05-13,Shopping,1702,Taxi,4459,2757
2027-03-27,Utilities,1996,Dinner,2648,652
2025-09-28,Transport,1496,Clothes,2900,1404
2026-04-01,Utilities,1430,Taxi,2457,1027
2026-04-07,Shopping,1550,Clothes,3884,2334
2026-12-28,Rent,1300,Clothes,3973,2673
2025-09-09,Rent,589,Taxi,2399,1810
2026-12-03,Rent,1935,Electricity,4415,2480
2025-10-23,Rent,953,Groceries,1442,489
2026-12-26,Food,1570,Movie,4650,3080
2026-12-21,Rent,1205,Clothes,3122,1917
2027-01-19,Shopping,1206,Movie,1556,350
2025-12-04,Entertainment,1875,Dinner,4843,2968
2027-05-29,Entertainment,1028,Taxi,4737,3709
2025-02-22,Food,812,Movie,2178,1366
2027-03-03,Rent,811,Taxi,4501,3690
2027-07-11,Rent,1567,Movie,3037,1470
2025-08-05,Rent,1829,Groceries,1362,-467
2027-02-03,Utilities,1314,Groceries,3495,2181
2025-07-07,Transport,511,Groceries,2257,1746
2026-01-15,Utilities,227,Groceries,4634,4407
2026-05-08,Transport,1582,Groceries,2841,1259
2025-02-10,Rent,1627,Groceries,3309,1682
2025-06-06,Rent,1103,Taxi,2850,1747
2025-01-15,Utilities,449,Clothes,3172,2723
2027-03-24,Utilities,1004,Movie,1910,906
2025-03-06,Transport,1700,Groceries,1244,-456
2027-05-07,Entertainment,1648,Taxi,1541,-107
2027-04-19,Transport,1352,Taxi,3532,2180
2026-06-05,Utilities,539,Taxi,3169,2630
2025-12-10,Shopping,610,Clothes,3172,2562
2025-05-09,Utilities,1070,Movie,2572,1502
2026-10-10,Shopping,1729,Clothes,3217,1488
2026-04-17,Food,1605,Electricity,1123,-482
2025-03-04,Utilities,218,Taxi,4940,4722
2025-05-19,Food,406,Electricity,4106,3700
2026-05-14,Entertainment,368,Dinner,4158,3790
2026-08-16,Transport,979,Groceries,3693,2714
2026-01-27,Shopping,1983,Groceries,2731,748
2026-11-06,Transport,712,Clothes,1785,1073
2026-02-23,Food,1579,Movie,3043,1464
2025-10-16,Shopping,1871,Electricity,3248,1377
2026-01-14,Transport,397,Movie,3416,3019
2027-02-12,Utilities,918,Clothes,1796,878
2026-05-05,Rent,935,Groceries,1076,141
2025-08-19,Food,1601,Movie,1058,-543
2025-02-10,Transport,546,Movie,3478,2932
2025-01-28,Food,1196,Groceries,3685,2489
2025-05-15,Food,753,Electricity,2523,1770
2025-07-20,Shopping,225,Groceries,2936,2711
2027-04-20,Shopping,474,Movie,3156,2682
2027-02-19,Rent,1316,Electricity,4807,3491
2027-07-19,Utilities,1937,Electricity,4055,2118
2025-02-02,Food,1279,Groceries,2301,1022
2025-02-17,Transport,1895,Movie,1067,-828
2026-05-18,Entertainment,1783,Clothes,4140,2357
2026-02-11,Food,540,Movie,4236,3696
2026-07-28,Food,1721,Taxi,4560,2839
2026-12-29,Rent,1987,Dinner,3352,1365
2027-03-16,Utilities,1036,Clothes,2932,1896
2025-04-09,Entertainment,975,Electricity,3721,2746
2026-11-15,Shopping,1874,Clothes,1364,-510
2027-05-22,Shopping,745,Electricity,4925,4180
2026-12-27,Transport,1033,Electricity,1820,787
2027-09-14,Entertainment,520,Clothes,2402,1882
2026-07-01,Shopping,136,Electricity,3390,3254
2027-08-19,Transport,405,Electricity,1946,1541
2027-01-09,Utilities,1387,Taxi,3946,2559
2026-09-05,Transport,603,Movie,2577,1974
2027-08-01,Shopping,414,Movie,2377,1963
2026-04-07,Rent,1107,Dinner,2439,1332
2026-10-05,Rent,1760,Dinner,4180,2420
2027-02-08,Rent,740,Taxi,4634,3894
2025-01-05,Shopping,91,Dinner,1761,1670
2025-08-06,Rent,1832,Clothes,4568,2736
2026-05-18,Entertainment,293,Groceries,1340,1047
2027-02-06,Utilities,1363,Groceries,3989,2626
2026-02-02,Transport,357,Groceries,1382,1025
2027-05-21,Transport,1409,Taxi,2003,594
2027-03-06,Shopping,1538,Taxi,2556,1018
2026-01-28,Rent,626,Electricity,1299,673
2025-07-26,Rent,185,Groceries,1138,953
2025-01-15,Food,1587,Clothes,1358,-229
2027-05-08,Utilities,30,Dinner,1835,1805
2026-07-08,Entertainment,1344,Clothes,2522,1178
2027-06-11,Transport,748,Dinner,4456,3708
2026-04-06,Food,820,Groceries,2627,1807
2026-11-22,Food,121,Groceries,2982,2861
2026-07-29,Shopping,1468,Groceries,2303,835
2027-05-14,Transport,1435,Taxi,4708,3273
2027-01-13,Shopping,798,Dinner,3530,2732
2025-08-29,Entertainment,233,Taxi,1908,1675
2026-07-18,Food,1734,Taxi,2134,400
2025-04-06,Food,1131,Movie,3913,2782
2027-06-19,Utilities,1596,Clothes,3186,1590
2027-01-04,Entertainment,420,Clothes,1995,1575
2026-04-30,Food,607,Electricity,3482,2875
2026-02-11,Entertainment,908,Taxi,3556,2648
2025-08-19,Transport,1089,Dinner,3320,2231
2027-01-19,Rent,1715,Movie,4170,2455
2026-10-17,Food,1506,Movie,4835,3329
2025-06-20,Utilities,611,Clothes,4921,4310
2026-06-25,Transport,1353,Taxi,3151,1798
2025-02-05,Entertainment,1129,Electricity,2237,1108
2026-06-09,Shopping,111,Taxi,2784,2673
2025-06-09,Transport,1703,Groceries,4735,3032
2027-04-19,Food,692,Taxi,3809,3117
2026-11-30,Entertainment,733,Groceries,3834,3101
2025-08-31,Rent,955,Groceries,1164,209
2025-03-27,Transport,1971,Electricity,1998,27
2027-03-07,Food,261,Dinner,4924,4663
2026-08-01,Utilities,1908,Clothes,3567,1659
2026-11-13,Shopping,21,Taxi,2307,2286
2026-07-11,Entertainment,244,Groceries,3564,3320
2026-07-28,Transport,820,Taxi,1656,836
2027-08-11,Transport,1788,Dinner,3660,1872
2026-10-08,Rent,1969,Clothes,3211,1242
2027-03-07,Rent,1972,Dinner,2909,937
2025-01-28,Utilities,608,Clothes,4730,4122
2026-09-12,Shopping,135,Movie,3046,2911
2026-07-10,Utilities,1709,Clothes,3111,1402
2025-12-06,Food,937,Electricity,4162,3225
2027-03-09,Food,1146,Dinner,2140,994
2027-08-16,Utilities,213,Groceries,2889,2676
2025-11-27,Shopping,1209,Movie,1266,57
2026-10-02,Utilities,890,Electricity,2845,1955
2026-05-21,Shopping,109,Taxi,2708,2599
2025-12-14,Shopping,1729,Dinner,4630,2901
2026-04-18,Entertainment,141,Groceries,4211,4070
2025-08-19,Shopping,162,Clothes,3293,3131
2025-07-09,Rent,1013,Groceries,4732,3719
2025-08-13,Shopping,125,Taxi,4829,4704
2026-01-20,Shopping,906,Movie,3442,2536
2026-01-12,Shopping,447,Movie,2510,2063
2025-10-10,Food,1348,Dinner,1475,127
2027-08-16,Rent,1915,Movie,4588,2673
2026-09-25,Rent,336,Dinner,1976,1640
2026-09-20,Utilities,654,Dinner,2207,1553
2027-08-31,Entertainment,1945,Dinner,2043,98
2027-01-15,Shopping,28,Clothes,2960,2932
2025-09-16,Transport,793,Electricity,1557,764
2025-12-25,Entertainment,1116,Dinner,2017,901
2026-12-11,Entertainment,1402,Dinner,4595,3193
2026-04-01,Rent,242,Electricity,2605,2363
2026-02-15,Entertainment,1459,Groceries,4600,3141
2026-10-11,Shopping,572,Dinner,1882,1310
2025-11-14,Shopping,1413,Clothes,3194,1781
2026-11-08,Food,735,Movie,1665,930
2025-08-13,Shopping,1307,Movie,4375,3068
2027-03-30,Shopping,1883,Taxi,3667,1784
2025-08-22,Rent,1733,Taxi,2771,1038
2026-11-15,Shopping,1903,Movie,3867,1964
2026-10-26,Food,1361,Movie,1863,502
2027-09-02,Transport,1127,Clothes,1581,454
2027-04-07,Rent,1361,Electricity,4070,2709
2026-01-09,Transport,130,Taxi,1694,1564
2026-11-03,Rent,270,Electricity,4833,4563
2026-08-31,Utilities,402,Clothes,2251,1849
2026-04-17,Entertainment,26,Movie,4173,4147
2025-08-21,Utilities,478,Dinner,2610,2132
2026-11-23,Shopping,1127,Electricity,4488,3361
2025-04-23,Transport,227,Movie,2239,2012
2027-04-10,Shopping,919,Movie,3454,2535
2026-05-12,Entertainment,1433,Groceries,1398,-35
2026-03-18,Rent,1357,Electricity,2946,1589
2026-07-18,Entertainment,41,Dinner,1714,1673
2025-09-25,Food,429,Electricity,1703,1274
2026-05-25,Entertainment,914,Movie,3808,2894
2027-03-18,Food,534,Dinner,3546,3012
2026-01-21,Entertainment,1170,Clothes,4825,3655
2026-01-22,Food,828,Groceries,4536,3708
2025-04-23,Transport,1743,Movie,2714,971
2026-09-05,Shopping,893,Taxi,2972,2079
2026-09-17,Shopping,33,Taxi,4021,3988
2027-08-10,Utilities,990,Groceries,4802,3812
2025-03-22,Shopping,997,Clothes,1081,84
2026-11-30,Rent,1033,Movie,1603,570
2025-04-23,Entertainment,1055,Electricity,2970,1915
2025-01-02,Utilities,106,Groceries,2710,2604
2026-10-04,Rent,1567,Clothes,3046,1479
2025-08-08,Rent,928,Electricity,4822,3894
2026-07-20,Food,1580,Taxi,3819,2239
2027-05-05,Shopping,1344,Taxi,1902,558
2027-09-24,Transport,1286,Electricity,1364,78
2027-01-06,Transport,141,Groceries,1162,1021
2025-08-13,Utilities,1190,Taxi,4119,2929
2026-01-20,Transport,1610,Movie,3558,1948
2026-02-07,Entertainment,769,Dinner,4400,3631
2026-09-30,Transport,1399,Electricity,2863,1464
2025-05-10,Utilities,704,Electricity,1115,411
2025-02-22,Transport,1947,Taxi,3988,2041
2026-11-15,Entertainment,1776,Groceries,4920,3144
2026-12-31,Food,1674,Movie,3384,1710
2026-11-03,Utilities,328,Groceries,1880,1552
2026-12-11,Food,714,Clothes,3784,3070
2026-02-20,Food,307,Clothes,4935,4628
2025-09-04,Food,326,Dinner,1839,1513
2027-04-16,Rent,1855,Taxi,3194,1339
2026-03-15,Shopping,1637,Taxi,4646,3009
2025-07-22,Rent,933,Taxi,4877,3944
2025-07-03,Shopping,1766,Dinner,2346,580
2025-05-03,Food,681,Clothes,3490,2809
2026-02-05,Utilities,568,Groceries,3884,3316
2027-02-06,Shopping,1395,Dinner,2036,641
2025-10-21,Entertainment,331,Dinner,1942,1611
2025-10-07,Entertainment,892,Groceries,4565,3673
2027-04-17,Transport,1102,Taxi,2724,1622
2027-06-03,Shopping,1686,Movie,3334,1648
2026-09-02,Utilities,943,Groceries,3767,2824
2025-07-17,Rent,1757,Clothes,2137,380
2027-09-09,Food,774,Electricity,3527,2753
2027-06-26,Transport,54,Electricity,1021,967
2026-05-26,Entertainment,464,Dinner,4420,3956
2027-01-22,Rent,112,Electricity,2749,2637
2025-05-24,Rent,1993,Movie,1682,-311
2026-09-01,Food,1250,Taxi,4906,3656
2025-07-20,Shopping,372,Clothes,4637,4265
2025-05-04,Entertainment,922,Movie,3953,3031
2025-07-06,Utilities,1375,Clothes,2833,1458
2025-11-22,Rent,1860,Clothes,3367,1507
2026-04-09,Food,881,Taxi,1125,244
2025-12-15,Utilities,1768,Dinner,1276,-492
2027-02-10,Shopping,178,Electricity,2999,2821
2026-10-22,Entertainment,1997,Taxi,2227,230
2027-02-03,Shopping,976,Movie,3241,2265
2027-08-13,Rent,43,Dinner,4752,4709
2027-07-21,Utilities,423,Movie,4735,4312
2026-02-07,Utilities,824,Dinner,4618,3794
2025-12-12,Utilities,535,Movie,1695,1160
2027-08-21,Rent,751,Taxi,2309,1558
2026-05-26,Rent,1407,Dinner,1056,-351
2025-05-27,Shopping,1425,Dinner,4805,3380
2025-05-28,Transport,551,Clothes,4374,3823
2027-05-14,Shopping,975,Clothes,4234,3259
2026-12-12,Entertainment,171,Groceries,1018,847
2027-03-31,Food,1605,Movie,4441,2836
2026-05-04,Utilities,1732,Clothes,3311,1579
2027-07-18,Transport,966,Groceries,3841,2875
2027-07-25,Food,627,Clothes,1112,485
2026-10-02,Transport,1660,Movie,4559,2899
2026-07-05,Shopping,439,Dinner,4398,3959
2025-12-04,Rent,1293,Electricity,1541,248
2027-05-22,Utilities,1160,Movie,3694,2534
2026-10-03,Shopping,885,Taxi,1578,693
2027-02-18,Food,1555,Clothes,2088,533
2027-09-15,Food,1783,Clothes,4363,2580
2027-08-11,Food,597,Dinner,1024,427
2026-04-18,Food,354,Taxi,2572,2218
2027-08-04,Food,1461,Dinner,3048,1587
2025-05-31,Transport,951,Taxi,3958,3007
2026-02-19,Shopping,1817,Electricity,2572,755
2027-09-17,Utilities,314,Clothes,1140,826
2025-10-25,Rent,1981,Clothes,2767,786
2026-09-03,Rent,774,Electricity,1647,873
2025-09-20,Shopping,1414,Groceries,4972,3558
2027-02-03,Shopping,205,Dinner,3235,3030
2025-05-24,Rent,1289,Electricity,4199,2910
2025-12-12,Rent,656,Dinner,1200,544
2026-09-16,Transport,1311,Movie,4198,2887
2026-07-26,Entertainment,1686,Clothes,1256,-430
2027-05-31,Utilities,1280,Dinner,4747,3467
2025-01-02,Food,549,Taxi,1546,997
2027-06-16,Entertainment,1595,Dinner,3241,1646
2025-10-31,Shopping,40,Movie,3750,3710
2025-09-11,Rent,930,Clothes,4175,3245
2026-10-14,Entertainment,1780,Electricity,4606,2826
2026-03-29,Utilities,886,Movie,4336,3450
2025-02-06,Shopping,813,Clothes,1801,988
2025-06-09,Food,1563,Dinner,1941,378
2025-01-09,Food,119,Groceries,4455,4336
2025-08-21,Utilities,771,Groceries,4331,3560
2025-04-09,Utilities,497,Taxi,1413,916
2026-10-21,Rent,1642,Clothes,3014,1372
2027-03-27,Food,1341,Groceries,2381,1040
2025-07-27,Shopping,959,Electricity,2098,1139
2025-05-11,Entertainment,545,Clothes,4426,3881
2026-02-08,Shopping,353,Electricity,4655,4302
2025-06-01,Transport,21,Electricity,4842,4821
2025-02-23,Transport,394,Groceries,1909,1515
2025-04-30,Utilities,312,Clothes,1187,875
2026-11-04,Rent,856,Dinner,4756,3900
2027-07-09,Transport,1977,Movie,3015,1038
2026-09-20,Food,1024,Groceries,2313,1289
2026-08-10,Shopping,572,Groceries,3092,2520
2026-09-17,Shopping,337,Dinner,4644,4307
2027-08-26,Utilities,1545,Clothes,3130,1585
2026-02-24,Entertainment,1871,Clothes,2146,275
2026-02-26,Utilities,400,Electricity,1357,957
2025-04-14,Entertainment,1666,Dinner,2551,885
2027-05-02,Utilities,33,Dinner,2089,2056
2025-09-11,Utilities,523,Clothes,3983,3460
2025-08-15,Utilities,250,Electricity,2680,2430
2025-04-22,Entertainment,1127,Groceries,3422,2295
2026-05-25,Entertainment,149,Taxi,1161,1012
2026-04-18,Utilities,1786,Movie,4817,3031
2025-04-09,Transport,857,Groceries,4451,3594
2025-06-02,Rent,1188,Clothes,4727,3539
2027-05-11,Rent,910,Movie,4429,3519
2027-07-03,Rent,1900,Taxi,4259,2359
2027-06-15,Entertainment,47,Taxi,3369,3322
2027-05-28,Entertainment,85,Electricity,1449,1364
2025-12-04,Transport,1206,Movie,2497,1291
2026-12-07,Rent,1272,Electricity,2036,764
2027-04-02,Rent,280,Groceries,3231,2951
2025-06-12,Utilities,1492,Dinner,3158,1666
2026-12-21,Entertainment,1467,Dinner,2950,1483
2027-08-15,Rent,479,Dinner,3555,3076
2026-11-12,Shopping,1995,Movie,2313,318
2027-09-23,Transport,1719,Dinner,3342,1623
2025-06-10,Shopping,320,Groceries,4522,4202
2026-08-03,Shopping,938,Electricity,3951,3013
2027-03-12,Transport,1346,Movie,2238,892
2026-02-02,Shopping,306,Electricity,1973,1667
2025-10-04,Rent,1438,Movie,1631,193
2027-03-27,Entertainment,1053,Electricity,4965,3912
2027-07-05,Transport,1750,Taxi,2590,840
2026-05-19,Utilities,649,Electricity,2050,1401
2027-06-15,Shopping,289,Dinner,4701,4412
2026-01-27,Transport,611,Taxi,3780,3169
2025-05-15,Food,1648,Electricity,4302,2654
2025-07-14,Food,1821,Movie,2588,767
2026-02-05,Entertainment,863,Movie,4878,4015
2026-10-02,Rent,881,Movie,3368,2487
2025-02-02,Entertainment,1404,Clothes,3960,2556
2026-11-19,Entertainment,1300,Groceries,4304,3004
2026-04-05,Entertainment,152,Movie,2693,2541
2027-08-13,Entertainment,1319,Taxi,1436,117
2027-06-02,Utilities,1819,Movie,3828,2009
2026-04-15,Utilities,1726,Clothes,2556,830
2026-01-10,Transport,991,Dinner,4474,3483
2025-01-22,Food,532,Taxi,2076,1544
2027-01-20,Entertainment,332,Clothes,4858,4526
2026-11-01,Transport,595,Dinner,4384,3789
2025-02-07,Food,905,Taxi,2304,1399
2025-08-18,Shopping,1327,Electricity,3773,2446
2025-12-31,Rent,1164,Groceries,3078,1914
2026-07-17,Utilities,1150,Groceries,3384,2234
2026-03-14,Shopping,1976,Clothes,1182,-794
2027-02-15,Food,706,Dinner,4094,3388
2025-10-10,Shopping,1247,Groceries,3591,2344
2025-01-27,Rent,184,Dinner,2469,2285
2025-08-14,Food,324,Dinner,4145,3821
2025-10-04,Shopping,1540,Clothes,4081,2541
2027-03-09,Utilities,1675,Clothes,4555,2880
2026-09-01,Utilities,1599,Clothes,2479,880
2025-10-11,Transport,1867,Groceries,2589,722
2027-05-29,Shopping,175,Clothes,2587,2412
2027-08-18,Entertainment,1410,Groceries,1659,249
2026-04-26,Shopping,1762,Clothes,1159,-603
2026-03-29,Food,1945,Movie,4953,3008
2027-04-09,Food,639,Dinner,4085,3446
2027-03-27,Shopping,1294,Clothes,4249,2955
2026-10-21,Rent,976,Taxi,3459,2483
2026-05-31,Utilities,1959,Dinner,4949,2990
2026-07-01,Food,1925,Dinner,2011,86
2025-07-11,Utilities,353,Clothes,1052,699
2025-02-18,Food,1685,Electricity,3455,1770
2026-05-27,Transport,988,Clothes,3894,2906
2025-01-17,Entertainment,530,Dinner,2045,1515
2025-06-21,Food,1336,Taxi,2053,717
2025-08-08,Utilities,1063,Dinner,3750,2687
2025-06-07,Transport,301,Taxi,3307,3006
2026-04-22,Food,816,Groceries,2228,1412
2025-02-15,Rent,1044,Movie,4130,3086
2026-01-08,Entertainment,138,Dinner,2494,2356
2026-06-02,Food,1078,Clothes,3823,2745
2025-04-09,Transport,217,Groceries,2489,2272
2027-06-11,Rent,504,Movie,2035,1531
2027-01-15,Shopping,1800,Clothes,4702,2902
2025-02-06,Transport,1102,Electricity,2950,1848
2025-10-07,Transport,856,Clothes,4361,3505
2025-12-15,Rent,1204,Taxi,1849,645
2026-05-12,Transport,1028,Taxi,4831,3803
2025-10-29,Rent,710,Electricity,1353,643
2025-06-30,Food,1249,Groceries,4710,3461
2026-08-30,Rent,1055,Movie,2098,1043
2025-04-09,Rent,509,Clothes,3920,3411
2026-12-01,Entertainment,295,Taxi,2739,2444
2027-09-20,Rent,712,Groceries,4632,3920
2025-04-26,Rent,261,Electricity,4662,4401
2025-07-10,Shopping,1259,Dinner,2464,1205
2025-09-10,Food,1294,Taxi,1990,696
2027-09-08,Entertainment,1854,Electricity,2264,410
2027-07-17,Shopping,145,Clothes,4065,3920
2027-09-10,Utilities,236,Movie,2884,2648
2025-06-10,Food,1349,Taxi,4225,2876
2025-09-13,Food,1840,Taxi,2809,969
2025-11-19,Utilities,1228,Clothes,4167,2939
2025-05-08,Rent,1082,Dinner,4797,3715
2025-01-18,Shopping,1266,Groceries,3341,2075
2027-03-04,Transport,1227,Movie,3256,2029
2027-01-05,Entertainment,514,Taxi,4414,3900
2026-07-20,Transport,446,Movie,2111,1665
2026-07-24,Utilities,1221,Taxi,1817,596
2025-11-19,Food,938,Movie,2799,1861
2027-05-22,Food,1471,Electricity,2960,1489
2026-11-17,Entertainment,1337,Taxi,3437,2100
2027-03-03,Food,1895,Movie,3372,1477
2026-09-18,Food,170,Groceries,3987,3817
2025-10-15,Entertainment,403,Electricity,1888,1485
2027-08-01,Shopping,1681,Electricity,2855,1174
2027-05-04,Shopping,1856,Groceries,2180,324
2026-10-25,Entertainment,327,Movie,1667,1340
2027-08-20,Utilities,1379,Clothes,4722,3343
2026-10-01,Food,1989,Groceries,1632,-357
2025-06-04,Food,765,Movie,3624,2859
2026-05-05,Utilities,911,Groceries,2642,1731
2026-01-21,Shopping,394,Groceries,4730,4336
2027-09-13,Rent,1051,Taxi,1136,85
2027-02-24,Rent,1384,Movie,2946,1562
2025-04-14,Rent,148,Clothes,2697,2549
2027-07-18,Shopping,1034,Taxi,1427,393
2026-01-28,Shopping,1819,Groceries,2475,656
2027-03-22,Utilities,688,Dinner,3659,2971
2025-09-03,Food,1395,Groceries,4921,3526
2025-06-25,Utilities,1401,Groceries,3958,2557
2025-02-08,Utilities,536,Movie,1818,1282
2026-04-22,Shopping,1538,Movie,3188,1650
2026-11-13,Rent,105,Taxi,2106,2001
2027-01-29,Transport,1218,Clothes,3224,2006
2026-06-22,Food,1845,Taxi,1197,-648
2027-05-17,Shopping,1236,Electricity,3671,2435
2027-03-29,Rent,330,Groceries,4639,4309
2027-07-10,Transport,1162,Dinner,2995,1833
2026-02-12,Transport,1261,Groceries,3738,2477
2026-06-09,Shopping,446,Groceries,4492,4046
2027-04-08,Entertainment,1457,Taxi,3448,1991
2026-05-21,Food,133,Dinner,4769,4636
2027-06-22,Transport,1188,Dinner,1470,282
2027-04-05,Shopping,1581,Dinner,3265,1684
2025-02-05,Shopping,1691,Taxi,2948,1257
2026-11-16,Rent,322,Groceries,1928,1606
2025-01-20,Entertainment,763,Taxi,4899,4136
2025-11-17,Food,1924,Movie,3010,1086
2027-02-15,Utilities,607,Movie,4800,4193
2026-05-27,Rent,1006,Taxi,3679,2673
2026-02-04,Transport,1883,Dinner,3998,2115
2026-10-16,Transport,364,Groceries,1905,1541
2027-08-30,Rent,833,Taxi,3222,2389
2027-06-02,Shopping,820,Taxi,1022,202
2026-04-16,Transport,1044,Taxi,4796,3752
2025-05-23,Entertainment,1190,Electricity,4988,3798
2025-04-02,Food,1330,Movie,1234,-96
2025-12-20,Entertainment,1697,Dinner,4084,2387
2027-04-14,Transport,1096,Clothes,2124,1028
2027-03-11,Utilities,1347,Dinner,1928,581
2026-12-28,Food,1112,Clothes,4607,3495
2027-08-17,Food,380,Electricity,4947,4567
2027-05-04,Rent,1645,Taxi,1522,-123
2025-02-20,Rent,1263,Electricity,2808,1545
2026-10-27,Utilities,1029,Electricity,4523,3494
2026-11-29,Shopping,723,Groceries,1430,707
2026-07-29,Food,594,Movie,1792,1198
2025-07-09,Utilities,1628,Clothes,2629,1001
2025-05-05,Rent,1204,Taxi,2736,1532
2025-05-30,Rent,1724,Clothes,1532,-192
2025-11-10,Food,1132,Dinner,4923,3791
2026-07-24,Entertainment,707,Clothes,4026,3319
2025-12-08,Transport,800,Dinner,2746,1946
2025-11-01,Rent,604,Movie,2675,2071
2026-11-23,Shopping,1800,Dinner,2316,516
2026-11-13,Shopping,608,Clothes,3857,3249
2027-04-18,Rent,1202,Clothes,1912,710
2027-02-22,Entertainment,508,Dinner,2124,1616
2025-02-23,Entertainment,990,Electricity,2525,1535
2026-03-20,Utilities,1367,Movie,2327,960
2026-09-05,Shopping,1653,Groceries,3918,2265
2027-09-20,Utilities,1424,Taxi,3587,2163
2025-09-21,Shopping,1145,Clothes,2023,878
2025-02-22,Transport,513,Taxi,2576,2063
2026-07-26,Transport,1687,Groceries,2378,691
2026-09-12,Food,1657,Taxi,4374,2717
2025-01-05,Utilities,38,Groceries,2519,2481
2025-04-13,Rent,1497,Dinner,2681,1184
2025-07-15,Utilities,1525,Electricity,4839,3314
2027-02-13,Rent,1637,Clothes,2997,1360
2027-05-27,Entertainment,416,Groceries,1226,810
2027-09-19,Utilities,1020,Taxi,2259,1239
2027-06-03,Entertainment,1322,Clothes,1872,550
2025-12-16,Transport,870,Electricity,1891,1021
2025-02-16,Transport,1408,Dinner,2478,1070
2027-05-17,Food,1374,Clothes,2036,662
2027-04-03,Utilities,1684,Groceries,3257,1573
2027-07-25,Entertainment,1387,Electricity,3788,2401
2027-03-31,Rent,841,Taxi,1396,555
2026-10-18,Transport,474,Electricity,2123,1649
2025-09-26,Transport,1644,Electricity,3078,1434
2026-01-05,Rent,744,Movie,3945,3201
2026-09-28,Entertainment,1698,Electricity,4599,2901
2025-04-16,Entertainment,1108,Electricity,1648,540
2026-11-01,Utilities,1119,Clothes,1328,209
2026-10-21,Utilities,730,Taxi,4237,3507
2026-10-19,Shopping,162,Clothes,2482,2320
2025-04-30,Shopping,936,Clothes,4893,3957
2027-04-11,Food,1958,Groceries,1951,-7
2027-02-26,Transport,847,Clothes,3005,2158
2026-08-27,Utilities,624,Movie,3016,2392
2025-02-27,Entertainment,1516,Movie,4171,2655
2027-08-09,Rent,1460,Groceries,3668,2208
2025-12-12,Entertainment,324,Dinner,2878,2554
2027-01-11,Transport,755,Taxi,2196,1441
2026-04-19,Shopping,1540,Taxi,2772,1232
2025-04-27,Entertainment,310,Clothes,1161,851
2027-04-10,Food,1983,Clothes,4976,2993
2027-03-02,Transport,121,Dinner,2751,2630
2025-05-07,Shopping,1310,Clothes,1775,465
2026-01-28,Rent,886,Taxi,4334,3448
2027-06-27,Shopping,987,Electricity,2827,1840
2026-10-03,Food,1665,Movie,3321,1656
2025-02-27,Transport,993,Electricity,4074,3081
2026-09-26,Rent,861,Electricity,2051,1190
2026-05-28,Food,981,Taxi,3373,2392
2027-01-21,Shopping,961,Electricity,1939,978
2027-03-13,Food,1820,Dinner,4220,2400
2025-04-06,Transport,1046,Groceries,1539,493
2026-09-30,Utilities,104,Clothes,3535,3431
2025-04-28,Food,1837,Groceries,1821,-16
2026-07-14,Food,347,Movie,2461,2114
2026-08-24,Shopping,835,Clothes,2088,1253
2026-05-03,Shopping,1493,Electricity,1355,-138
2025-08-25,Rent,473,Movie,4604,4131
2027-06-04,Shopping,1967,Clothes,4323,2356
2027-06-16,Entertainment,648,Dinner,1234,586
2025-09-29,Transport,1264,Dinner,3274,2010
2025-07-08,Transport,1197,Dinner,2548,1351
2027-09-26,Utilities,684,Dinner,4384,3700
2026-12-05,Utilities,31,Electricity,3096,3065
2026-03-23,Transport,1176,Groceries,1117,-59
2026-08-04,Utilities,323,Clothes,3101,2778
2027-03-01,Rent,1336,Electricity,2673,1337
2027-05-11,Shopping,994,Dinner,3612,2618
2025-09-04,Transport,1343,Groceries,2067,724
2027-08-21,Utilities,1783,Movie,4886,3103
2025-03-17,Transport,802,Movie,3100,2298
2025-06-03,Entertainment,62,Movie,4657,4595
2026-10-18,Food,963,Dinner,1557,594
2026-03-11,Shopping,362,Movie,4596,4234
2027-09-24,Transport,1369,Taxi,4748,3379
2025-03-27,Food,1857,Clothes,4173,2316
2026-11-28,Utilities,517,Clothes,2815,2298
2025-10-12,Food,383,Dinner,4841,4458
2027-09-01,Shopping,910,Taxi,3005,2095
2025-08-08,Transport,446,Electricity,4920,4474
2025-03-10,Entertainment,1024,Electricity,3915,2891
2025-02-16,Utilities,40,Movie,1397,1357
2025-04-04,Transport,426,Groceries,4209,3783
2027-01-20,Shopping,638,Electricity,1674,1036
2027-08-16,Utilities,1034,Groceries,4992,3958
2026-03-29,Rent,355,Clothes,1386,1031
2025-07-23,Food,1858,Groceries,3158,1300
2027-07-01,Shopping,1160,Clothes,3661,2501
2025-08-06,Rent,1167,Taxi,3064,1897
2026-04-19,Transport,418,Taxi,4851,4433
2026-03-08,Entertainment,812,Dinner,4253,3441
2025-12-07,Utilities,1847,Dinner,1883,36
2026-07-05,Food,734,Movie,4607,3873
2026-09-04,Utilities,70,Electricity,1540,1470
2025-10-16,Transport,1826,Movie,1170,-656
2025-09-11,Utilities,343,Clothes,3456,3113
2027-01-04,Food,808,Movie,1739,931
2025-12-23,Transport,160,Groceries,2401,2241
2025-01-23,Utilities,489,Clothes,4259,3770
2027-02-01,Entertainment,806,Dinner,3905,3099
2026-06-06,Shopping,1845,Taxi,3277,1432
2027-01-28,Transport,1377,Dinner,4904,3527
2027-04-17,Shopping,1936,Electricity,4923,2987
2025-04-10,Transport,983,Clothes,1118,135
2027-03-13,Entertainment,1027,Clothes,4227,3200
2025-06-29,Shopping,392,Groceries,3831,3439
2025-08-11,Rent,1607,Electricity,4758,3151
2027-06-25,Food,513,Taxi,3512,2999
2027-02-01,Rent,1582,Clothes,3151,1569
2026-10-21,Utilities,1712,Clothes,4675,2963
2026-03-18,Entertainment,770,Groceries,3745,2975
2026-08-31,Rent,1199,Movie,2995,1796
2027-02-08,Transport,310,Taxi,4866,4556
2025-11-21,Utilities,1691,Dinner,4573,2882
2026-05-31,Utilities,1187,Electricity,4764,3577
2025-01-16,Rent,125,Clothes,2705,2580
2027-03-03,Rent,1463,Clothes,2722,1259
2025-12-02,Entertainment,689,Dinner,3222,2533
2027-01-29,Food,1701,Taxi,4805,3104
2025-09-15,Rent,21,Movie,3792,3771
2026-05-12,Rent,1988,Clothes,2697,709
2027-09-15,Shopping,608,Taxi,2444,1836
2027-06-15,Transport,663,Dinner,4205,3542
2025-06-09,Shopping,109,Groceries,4462,4353
2026-04-20,Shopping,1388,Movie,2759,1371
2027-05-02,Utilities,369,Electricity,2524,2155
2026-10-26,Food,1502,Clothes,1664,162
2027-06-27,Transport,1306,Taxi,1032,-274
2026-11-21,Entertainment,1394,Groceries,3102,1708
2026-11-06,Entertainment,1151,Electricity,3566,2415
2026-01-15,Rent,1629,Taxi,3803,2174
2026-06-29,Rent,1082,Taxi,4896,3814
2027-07-18,Entertainment,928,Electricity,4709,3781
2027-08-15,Rent,178,Groceries,3059,2881
2026-11-22,Food,1626,Dinner,2551,925
2026-03-03,Shopping,978,Groceries,1719,741
2026-09-05,Rent,331,Movie,3602,3271
2025-09-25,Utilities,1284,Clothes,3420,2136
2027-04-15,Rent,1981,Electricity,1483,-498
2026-07-31,Transport,464,Dinner,1972,1508
2026-02-21,Food,317,Electricity,4718,4401
2025-06-17,Transport,971,Electricity,4299,3328
2027-04-22,Transport,55,Groceries,3670,3615
2025-02-12,Utilities,1127,Clothes,1306,179
2026-07-10,Food,1495,Movie,1456,-39
2025-10-12,Food,1929,Taxi,3207,1278
2026-02-01,Food,1818,Taxi,1330,-488
2025-01-12,Food,1865,Electricity,3823,1958
2026-08-30,Food,1428,Clothes,1224,-204
2025-10-29,Utilities,1215,Dinner,4030,2815
2027-06-17,Rent,1419,Groceries,3776,2357
2025-09-10,Transport,1728,Clothes,4575,2847
2026-05-14,Food,1405,Clothes,2479,1074
2027-01-24,Rent,578,Groceries,4116,3538
2025-02-04,Rent,910,Electricity,4285,3375
2026-12-28,Transport,160,Clothes,2082,1922
2027-04-29,Utilities,906,Taxi,1643,737
2025-03-31,Entertainment,1961,Groceries,1615,-346
2027-02-15,Entertainment,1161,Dinner,1194,33
2026-08-28,Rent,1320,Movie,4996,3676
2027-07-11,Shopping,745,Electricity,1488,743
2027-08-28,Shopping,1263,Groceries,3204,1941
2026-08-25,Transport,1948,Movie,3657,1709
2026-02-22,Entertainment,1069,Movie,2249,1180
2025-04-25,Rent,540,Dinner,3459,2919
2026-09-09,Utilities,1826,Clothes,4276,2450
2027-06-22,Entertainment,29,Dinner,2102,2073
2025-07-15,Rent,1003,Clothes,2147,1144
2027-04-06,Rent,397,Clothes,3518,3121
2026-05-16,Food,1676,Groceries,2241,565
2026-09-18,Utilities,1680,Groceries,1515,-165
2026-05-08,Food,701,Electricity,2625,1924
2025-03-16,Transport,603,Clothes,2127,1524
2026-02-17,Food,171,Movie,1392,1221
2026-01-11,Food,739,Taxi,1630,891
2026-02-24,Entertainment,1092,Electricity,4716,3624
2026-12-30,Shopping,1197,Groceries,2847,1650
2025-10-04,Rent,878,Dinner,3655,2777
2027-01-31,Utilities,1336,Electricity,1979,643
2026-11-07,Food,1623,Electricity,1433,-190
2026-01-29,Utilities,69,Electricity,4402,4333
2027-05-19,Shopping,683,Electricity,4214,3531
2026-04-02,Shopping,550,Taxi,4871,4321
2027-07-09,Food,1655,Dinner,3587,1932
2025-07-11,Transport,1103,Dinner,1277,174
2027-01-09,Food,1210,Dinner,1232,22
2026-11-20,Entertainment,1245,Clothes,2552,1307
2025-04-09,Rent,876,Movie,2594,1718
2026-07-02,Transport,165,Dinner,2113,1948
2027-09-05,Food,934,Electricity,4563,3629
2027-09-26,Utilities,1719,Electricity,4270,2551
2025-04-06,Transport,1012,Dinner,3409,2397
2026-10-26,Transport,1482,Dinner,4512,3030
2026-10-25,Food,261,Electricity,1025,764
2025-07-09,Transport,600,Clothes,4096,3496
2027-01-06,Utilities,706,Groceries,2417,1711
2025-02-06,Shopping,1604,Groceries,3554,1950
2027-02-19,Transport,502,Dinner,4372,3870
2026-01-04,Shopping,1151,Taxi,4410,3259
2026-11-26,Utilities,1269,Dinner,3314,2045
2026-06-09,Food,692,Dinner,1460,768
2025-10-06,Rent,650,Groceries,4764,4114
2025-08-05,Transport,680,Electricity,3503,2823
2027-05-17,Rent,681,Dinner,4431,3750
2027-05-23,Utilities,1475,Electricity,2091,616
2027-03-09,Transport,824,Electricity,2006,1182
2025-09-30,Shopping,1698,Taxi,3910,2212
2027-05-31,Entertainment,438,Electricity,4483,4045
2025-03-03,Rent,1007,Groceries,2994,1987
2026-08-19,Transport,1498,Clothes,1490,-8
2027-05-30,Rent,1203,Clothes,4904,3701
2026-12-30,Transport,1566,Movie,2072,506
2025-12-08,Food,669,Dinner,4758,4089
2026-02-01,Shopping,988,Groceries,3611,2623
2026-11-30,Rent,609,Electricity,4173,3564
2025-01-19,Entertainment,1120,Clothes,1215,95
2025-06-26,Entertainment,528,Groceries,4509,3981
2026-09-04,Utilities,460,Clothes,2723,2263
2026-01-31,Transport,1297,Electricity,2592,1295
2026-03-21,Rent,940,Clothes,3606,2666
2025-08-21,Utilities,789,Dinner,1158,369
2027-07-04,Rent,1363,Dinner,3536,2173
2025-03-17,Transport,1846,Movie,1685,-161
2025-09-22,Entertainment,282,Movie,4313,4031
2026-03-31,Food,1640,Clothes,3841,2201
2027-03-07,Entertainment,1701,Groceries,2776,1075
2026-12-19,Utilities,1878,Dinner,4953,3075
2027-01-05,Shopping,1597,Groceries,3052,1455
2026-01-19,Food,1417,Groceries,4667,3250
2026-07-18,Utilities,656,Clothes,2843,2187
2027-05-01,Transport,1210,Groceries,3408,2198
2026-05-21,Food,1980,Dinner,3506,1526
2026-01-02,Utilities,1796,Electricity,3295,1499
2025-05-24,Transport,478,Movie,2589,2111
2027-06-04,Entertainment,1018,Electricity,2696,1678
2025-03-10,Shopping,1323,Groceries,3993,2670
2025-04-09,Transport,719,Electricity,3469,2750
2026-01-31,Rent,321,Dinner,2946,2625
2025-01-25,Transport,1574,Dinner,4809,3235
2027-08-06,Transport,1623,Groceries,3062,1439
2027-06-10,Shopping,1261,Clothes,3783,2522
2026-04-14,Rent,1145,Electricity,4644,3499
2026-04-29,Utilities,573,Clothes,2145,1572
2026-07-19,Utilities,307,Clothes,3324,3017
2025-05-31,Transport,1210,Taxi,2581,1371
2025-05-24,Rent,640,Groceries,3500,2860
2026-07-23,Rent,1025,Movie,4461,3436
2025-02-08,Shopping,55,Dinner,4365,4310
2025-04-19,Entertainment,763,Dinner,4645,3882
2026-11-24,Utilities,1784,Groceries,3645,1861
2025-02-11,Shopping,372,Movie,3493,3121
2025-07-05,Food,1719,Dinner,3257,1538
2027-07-24,Utilities,1942,Groceries,4661,2719
2026-02-02,Shopping,92,Dinner,3761,3669
2025-08-11,Utilities,667,Clothes,3349,2682
2026-09-26,Entertainment,1396,Electricity,2932,1536
2025-05-13,Food,1934,Electricity,4294,2360
2025-06-12,Entertainment,1113,Dinner,2757,1644
2025-08-03,Food,444,Taxi,3050,2606
2027-01-03,Transport,1018,Movie,1989,971
2025-08-23,Shopping,727,Movie,2541,1814
2027-04-23,Food,1824,Movie,2116,292
2026-10-20,Entertainment,580,Clothes,3567,2987
2027-01-21,Utilities,847,Movie,4499,3652
2026-08-11,Food,1685,Electricity,1492,-193
2025-01-09,Shopping,975,Clothes,4306,3331
2025-03-15,Food,536,Groceries,1619,1083
2027-08-12,Rent,447,Movie,4232,3785
2026-05-07,Utilities,1582,Movie,4792,3210
2027-07-02,Shopping,179,Groceries,4823,4644
2025-09-10,Shopping,168,Movie,3378,3210
2025-08-18,Transport,795,Groceries,3380,2585
2026-06-03,Entertainment,1273,Clothes,3097,1824
2025-06-23,Transport,1755,Electricity,2546,791
2026-10-15,Shopping,1605,Groceries,1862,257
2025-06-17,Utilities,86,Taxi,2691,2605
2025-06-19,Food,1033,Groceries,4563,3530
2026-01-28,Food,1855,Movie,2605,750
2027-08-04,Utilities,400,Clothes,4752,4352
2027-03-06,Shopping,77,Dinner,3319,3242
2026-09-26,Food,1302,Clothes,1579,277
2025-07-13,Food,361,Dinner,2890,2529
2026-06-01,Food,1881,Groceries,2275,394
2025-01-29,Entertainment,1173,Electricity,3607,2434
2025-06-14,Entertainment,746,Taxi,3743,2997
2026-02-26,Rent,1215,Clothes,2855,1640
2025-12-05,Transport,789,Movie,4770,3981
2026-10-10,Utilities,633,Dinner,4161,3528
2026-05-11,Utilities,1252,Movie,3493,2241
2025-12-31,Utilities,1846,Electricity,4064,2218
2027-04-13,Rent,373,Dinner,2355,1982
2025-12-08,Entertainment,1514,Clothes,2162,648
2026-05-15,Shopping,1841,Groceries,1356,-485
2026-10-19,Shopping,135,Movie,2624,2489
2026-05-26,Rent,1307,Electricity,3321,2014
2025-11-23,Shopping,681,Clothes,4090,3409
2025-08-05,Utilities,1855,Clothes,3006,1151
2025-10-28,Transport,1485,Clothes,3358,1873
2025-05-12,Food,1591,Clothes,1869,278
2027-03-15,Entertainment,472,Dinner,1885,1413
2025-03-11,Entertainment,1888,Clothes,3001,1113
2025-09-09,Rent,1520,Movie,3201,1681
2026-02-19,Entertainment,306,Electricity,2413,2107
2027-02-26,Utilities,1346,Dinner,2283,937
2026-03-21,Shopping,1036,Clothes,1619,583
2027-05-26,Utilities,330,Taxi,1882,1552
2025-07-01,Rent,227,Taxi,1796,1569
2025-06-16,Utilities,637,Electricity,4642,4005
2025-04-01,Shopping,465,Groceries,3172,2707
2026-12-15,Transport,689,Groceries,4425,3736
2027-05-08,Rent,652,Dinner,2296,1644
2026-06-15,Transport,74,Dinner,1618,1544
2025-02-08,Food,931,Dinner,2834,1903
2025-05-06,Transport,1055,Groceries,1244,189
2026-03-27,Food,676,Taxi,3895,3219
2025-06-22,Food,1443,Groceries,3497,2054
2026-10-15,Transport,1951,Movie,1929,-22
2027-01-24,Rent,1691,Clothes,2270,579
2025-08-08,Shopping,999,Dinner,1519,520
2026-09-30,Utilities,534,Taxi,4212,3678
2025-02-27,Utilities,1699,Electricity,3409,1710
2026-10-22,Shopping,1585,Electricity,1007,-578
2026-04-21,Food,256,Clothes,3525,3269
2026-04-01,Food,1322,Taxi,4423,3101
2027-04-09,Rent,367,Groceries,3019,2652
2027-06-14,Entertainment,646,Groceries,1494,848
2025-12-27,Transport,1147,Movie,2629,1482
2027-07-24,Food,649,Movie,3880,3231
2025-01-01,Utilities,1560,Groceries,4498,2938
2026-01-22,Rent,1915,Electricity,2062,147
2027-08-31,Transport,1291,Dinner,3640,2349
2025-12-14,Rent,383,Electricity,1186,803
2025-07-09,Transport,340,Movie,4667,4327
2026-05-20,Transport,1676,Clothes,4671,2995
2025-07-10,Shopping,305,Groceries,3801,3496
2026-05-23,Food,168,Movie,2877,2709
2026-01-04,Rent,1127,Movie,3140,2013
2026-02-13,Rent,425,Dinner,1085,660
2027-04-04,Shopping,997,Groceries,4115,3118
2027-07-18,Utilities,475,Dinner,1136,661
2027-07-23,Utilities,1786,Groceries,3468,1682
2025-04-27,Food,819,Dinner,3121,2302
2025-05-14,Food,1204,Electricity,4619,3415
2025-02-27,Entertainment,1032,Clothes,2636,1604
2026-07-10,Shopping,803,Clothes,4583,3780
2026-11-16,Utilities,479,Groceries,4227,3748
2026-11-03,Transport,1593,Taxi,4326,2733
2025-06-22,Rent,1543,Movie,3218,1675
2027-04-09,Food,757,Movie,2751,1994
2027-03-26,Rent,528,Groceries,3217,2689
2025-05-29,Rent,1697,Dinner,2787,1090
2025-03-21,Entertainment,1847,Taxi,1871,24
2027-06-05,Utilities,500,Electricity,3369,2869
2025-08-01,Food,1706,Dinner,4638,2932
2025-07-22,Rent,133,Dinner,3503,3370
2027-02-03,Food,768,Groceries,1943,1175
2025-08-17,Transport,1621,Groceries,2626,1005
2026-11-07,Entertainment,380,Movie,3837,3457
2025-08-15,Transport,360,Groceries,3660,3300
2026-10-21,Food,789,Groceries,4226,3437
2026-06-16,Food,780,Groceries,3936,3156
2026-03-17,Utilities,988,Movie,1348,360
2026-02-06,Rent,468,Electricity,4522,4054
2025-02-16,Rent,1886,Electricity,4947,3061
2025-08-21,Transport,854,Groceries,2676,1822
2025-11-01,Entertainment,1223,Movie,2196,973
2026-06-10,Shopping,1745,Electricity,1009,-736
2025-05-23,Rent,1450,Dinner,3787,2337
2026-02-19,Utilities,1709,Electricity,4336,2627
2026-05-28,Transport,1239,Electricity,2461,1222
2026-01-08,Transport,1509,Movie,4831,3322
2026-07-20,Shopping,330,Dinner,4318,3988
2027-06-05,Utilities,281,Movie,1666,1385
2025-09-16,Entertainment,1462,Groceries,3593,2131
2026-10-18,Utilities,425,Clothes,2522,2097
2026-04-16,Entertainment,1982,Electricity,3176,1194
2027-08-11,Utilities,162,Clothes,4743,4581
2027-08-29,Utilities,361,Movie,1600,1239
2025-01-12,Food,1359,Movie,3652,2293
2025-11-26,Transport,1144,Movie,1326,182
2027-01-06,Utilities,263,Clothes,4824,4561
2027-02-23,Shopping,509,Movie,4906,4397
2027-08-26,Utilities,31,Groceries,1979,1948
2025-12-24,Rent,1282,Movie,3451,2169
2027-08-30,Transport,580,Taxi,1628,1048
2026-02-12,Rent,61,Clothes,2629,2568
2026-10-30,Transport,697,Taxi,4746,4049
2026-01-08,Rent,613,Movie,4682,4069
2025-01-08,Utilities,1472,Groceries,4696,3224
2025-05-02,Utilities,1846,Electricity,4430,2584
2025-12-14,Food,1201,Dinner,4674,3473
2026-11-07,Shopping,1259,Dinner,4929,3670
2025-03-31,Rent,1713,Movie,3765,2052
2026-10-10,Entertainment,1505,Groceries,4088,2583
2026-11-29,Food,153,Clothes,1273,1120
2025-11-12,Rent,1110,Taxi,1684,574
2025-06-27,Rent,1891,Taxi,1115,-776
2026-06-24,Food,1050,Taxi,1860,810
2027-01-02,Utilities,967,Clothes,3003,2036
2027-05-19,Rent,1569,Dinner,1692,123
2025-02-10,Utilities,92,Groceries,4162,4070
2027-01-10,Food,418,Clothes,2105,1687
2026-12-05,Utilities,1448,Taxi,3371,1923
2027-07-12,Transport,1718,Movie,4008,2290
2026-05-17,Entertainment,597,Electricity,3161,2564
2027-08-17,Rent,878,Clothes,2792,1914
2025-05-25,Shopping,149,Clothes,4129,3980
2025-07-20,Entertainment,950,Groceries,1153,203
2027-07-18,Utilities,1509,Groceries,2900,1391
2026-12-25,Rent,1249,Clothes,2427,1178
2026-04-06,Utilities,1831,Taxi,4699,2868
2027-01-02,Transport,1811,Electricity,4926,3115
2027-01-22,Food,285,Groceries,2289,2004
2027-07-14,Rent,1580,Taxi,1314,-266
2027-06-28,Transport,812,Movie,4786,3974
2026-07-12,Transport,272,Groceries,2064,1792
2026-07-01,Rent,841,Taxi,1104,263
2025-09-10,Utilities,1332,Taxi,2924,1592
2026-01-25,Shopping,183,Electricity,2913,2730
2026-08-17,Transport,114,Electricity,2216,2102
2027-06-02,Entertainment,1825,Movie,2424,599
2025-09-13,Transport,852,Taxi,4349,3497
2026-12-10,Shopping,1153,Dinner,3401,2248
2027-03-26,Utilities,355,Taxi,4063,3708
2027-07-10,Utilities,841,Electricity,2772,1931
2026-03-26,Entertainment,257,Dinner,2960,2703
2025-01-10,Transport,400,Groceries,3780,3380
2027-04-04,Utilities,1479,Groceries,2603,1124
2027-03-09,Shopping,918,Clothes,1708,790
2025-08-30,Rent,502,Electricity,4327,3825
2025-09-08,Food,1980,Clothes,1650,-330
